IDProprietaire,Nom,Adresse,NumeroTelephone
c221d31c-e25e-48f7-9894-e0a9f4d9446a,Gary Strickland,"874 Nathan Corners Apt. 369
Port Daniel, TX 75749",283-924-6845
1e052f9b-f8e8-49e3-87c2-56d139ca5c2c,Bonnie Lewis,"Unit 4926 Box 2134
DPO AP 73876",+1-810-980-4004
2f33c475-f6e3-4262-9269-135b4ff6010e,Jason Adkins,"81984 Martinez Summit
Webermouth, ID 64694",1521945157
ab46653b-788f-4e99-b237-95f2a7de31b9,Timothy Miller,"9057 Carter Lodge
Reneemouth, IL 17828",+1-965-392-1310x83205
fc587848-de38-4198-915c-0dcf0c9cfb6f,Jason Ramos,"523 David Canyon Suite 350
Christymouth, HI 53247",(917)716-9725x0950
d1fd057f-5080-4506-b9c7-8e2e5472121f,Sarah Foster,"546 Brock Heights
South Lynnberg, AR 58790",395-788-2140
613162f4-bded-4da9-a9b4-b7c92ac3d145,Alexis Rodriguez,"46794 Smith Ranch Suite 448
Meghanfort, NV 04586",088.431.8272x50405
f868f954-cc92-4b86-be6d-638a971e8920,Caitlin Wood,"2569 Richardson Harbors Suite 764
Tracyfurt, WY 02771",044-096-1020x20914
5d8e4dde-c251-41cc-95e9-099b9440603d,Karen Johnson,"82276 Tate Walk Suite 662
Warnermouth, GA 27701",826.555.7015
ac410038-982f-4395-8ba4-ecf1fd8fe62a,Haley Perry,"54483 Sarah Village
Jennifershire, KY 61729",253.626.5059x1227
5be4b9c5-7370-4a8b-80c6-88f62937e141,Lee Coleman,"8830 Lamb Square
West Chelsea, ID 61611",885-896-8205x1490
7c13d03d-b704-4456-b0db-615da77c655c,James Melendez,"PSC 9194, Box 3566
APO AP 12063",+1-779-342-4599x4076
5c45defb-56c5-4829-b3c5-35d28f4d30a9,Thomas Joyce,"5291 Kelli Extensions Apt. 653
Annmouth, IL 33210",+1-511-669-0494x10439
3160ca68-3cc1-479e-b414-a9d57fd6f6fc,Kevin Ford,"08127 Richardson Estate Apt. 806
South Brittany, AK 01606",767-981-2096x16994
16febab0-ad8e-4e24-9763-548e18d6d377,Derrick Lee,"17817 Clark Cove
Raymondland, WI 61667",+1-874-984-5963
fd189ca4-25a9-472f-962e-bba35bdd187d,Mary Collins,"996 Anderson Mountains Apt. 964
Johnsonborough, RI 27150",744-408-0275x29868
2c86b670-1f98-450e-80c1-9651917bbbcb,Melanie Gonzales,"682 Shannon Ville Suite 565
New Karenbury, NV 59697",001-782-376-2112x50207
9abedba3-8271-498f-bfe3-b73f9a45b9a5,Susan Harris,"91226 Keith Forks Suite 067
West Linda, NM 62721",+1-635-922-3170
e7d0bbad-cb11-4b56-900a-3bc0a53a01d1,Alicia Lam,"76870 Amy Canyon Apt. 292
West Michealmouth, GA 73813",935.553.1409
efea1155-e8ff-45c7-a71a-a6a8405d161a,Grant Davis,"Unit 1527 Box 0900
DPO AA 06093",001-699-111-6424x7532
ed896e84-ae7d-43ee-b8d6-178dcb86dc6d,Kara Mcdaniel,"96063 Hamilton Village
Stephanieberg, DE 50273",(552)727-9687
473a90c4-b1fa-4176-852c-8dfe28e65dcc,Debbie Davis,"17586 Bradshaw Harbors
West Alex, AL 81790",(843)074-7352x1324
73f429d0-1a7e-4a8d-8523-31d27bda10ad,Adam Galloway,"449 King Squares
East James, WA 98910",001-894-476-7389x2285
0aaf523c-6727-400d-9800-5174b045b7ab,Tiffany Tanner,"USCGC Perez
FPO AA 08406",3882590355
d1cbe09a-4c88-4dea-84a6-5c840b31c065,Zachary Walters,"92885 Matthew Fort Suite 748
Joanneland, NJ 69164",+1-683-505-0314x2328
7a94fce1-9653-4941-8d0d-112d01c98b02,Samuel Ellis,"762 Robert Forks Apt. 605
South Michaelmouth, TX 48287",993-765-0575x1739
e675990c-dfb4-4962-8066-2ca27cc4f92f,Chelsea Neal,"5275 Tiffany Course Apt. 567
Hollyton, CT 90868",+1-874-559-7942x901
a6f696bd-8f43-4a23-aee8-a63460542e82,Adam Perry,"734 Timothy Dam Apt. 899
Matthewland, KY 35786",651.737.1331x4526
da4b2b67-74ec-472c-a116-b8fcd7b7129e,Teresa Smith,"17796 Mccarthy Dam Apt. 199
Anitabury, OH 88305",980.933.6642
bdb65e7d-0a11-4fbc-885e-891cfe8da874,Becky Watts,"USCGC Villarreal
FPO AA 46365",(254)766-7671x2183
31da32e9-8056-49f1-ad99-3957bf22dda8,Peter Bishop,"Unit 4179 Box 5726
DPO AP 72269",(747)940-4841x8797
f04d7437-1d9e-41f5-9411-944beb3902ba,Alan Walker,"171 Crystal Cape
Juanport, DC 64213",001-603-291-1512x99505
d70f7ddd-f89e-4e42-89c3-f892f4348b95,Richard Bailey,"58740 Bailey Hollow Apt. 998
Lake Mariahchester, MS 31270",+1-435-825-2638x21688
14022e09-db5b-4cfb-bfc2-06e300a68500,Kristen Mcknight,"095 Samantha Estates Apt. 655
West Cameronfort, NC 10598",+1-688-131-4671
e036c01c-406f-43b9-9ac6-c72ebe1f05b0,James Hunt,"2227 Joseph Views
Christophermouth, AR 45343",(881)780-2359
ecd577f5-f0a3-43ff-9ac4-2e94ac9e2141,Antonio Novak,"596 Christopher Estates
East Gregoryside, WV 31888",001-546-734-9092x8146
06e61977-e021-4f40-b7b4-20b3818e224a,Stephanie Scott,"USNV Butler
FPO AA 54603",516.827.3693x65094
216b9c5e-39bb-4aaa-94b9-253a16b381d3,Renee Torres,"681 Debra Skyway
North Shelby, OK 49335",815.944.7533
eb19ec15-c7ba-4aaf-b090-1254a63231a1,Lauren Horn,"88835 Christopher Roads Suite 896
Ronaldhaven, NE 69699",085.593.7444x84206
de7cdfc0-8a4b-4ef7-a6c8-8c35d3294802,Kathy Anderson,"503 Danielle Terrace
West Robertview, IL 49131",5100983481
f4474b49-37e5-4076-a0b4-d5872a7445e4,Thomas Ramirez,"11515 Mueller Squares Suite 127
Markmouth, MO 09567",(009)565-7698x7025
63a2f73f-2f17-43ec-bfc1-68b1090ca877,Melissa Hernandez,"PSC 5716, Box 0763
APO AA 67344",001-426-877-0014x40852
5c7da47e-dbb9-415e-97e8-038f5fb98982,Benjamin Jenkins,"3135 Christian Center
Clarkshire, AR 06482",001-744-616-0136x2444
fc26a035-205c-41a4-8ed0-8efc55d9f997,Leslie Harris,"280 Ochoa Shores
West Kellytown, OR 13728",+1-631-247-1630x1101
cd0f83e0-6c66-47a2-9012-cc712a367397,Julia Savage,"60700 Alexander Throughway
Jamiemouth, ND 95072",835-487-4768
0758347e-89d9-41d0-b6af-3fa9893825a8,Kyle Graham,"807 Smith Plains Apt. 376
New Petermouth, NM 88464",3130923085
ee4a3fec-df44-4f44-be20-ad699fa433c1,Mitchell Moore,"379 Daniel Underpass
Chenberg, MS 31233",(257)203-8393x9256
e3aefef8-092f-4479-9226-7169cf673d33,Jesse Mcguire,"309 Palmer Well
Roblesborough, NE 81956",889-108-8907
7d69ca55-9803-4712-a111-e9a0c25ff8d6,Christopher Walsh,"Unit 0227 Box 0003
DPO AP 62699",128.770.0286x8995
fbf84033-1da8-4111-a8b6-19f271bd7c10,Andre Bowman,"4970 Steven Isle Suite 480
Villarrealbury, ID 97671",988.090.3938x945
fdf24b98-e622-4ab8-9bf7-063d77b21c3a,Gabrielle Nichols,"84625 Dalton Bypass
Smithstad, MD 49513",107-169-5662x7690
32ae3754-26d7-4ef8-bd12-0897c4346d40,Michael Durham,"7750 Nichols Estate
Aliciaborough, CO 75590",217.542.6658
1b68c35e-c170-4437-bd25-0f4b22da9333,Mary Dennis,"99600 Cheyenne Glen
Port Christopher, FL 13869",001-477-950-5921
2ca460fc-6fe6-453b-99cc-5682e8bf1a00,Emily Perry,"39990 Bell Gateway
Sarahborough, WA 28280",630.011.8176x5294
6794f490-8dd6-4126-8952-b6adb6f62389,Maria Manning,"Unit 9100 Box 8635
DPO AA 95007",(737)743-5517
9b382a55-120e-41a9-bb03-2081918dc96e,Jacob Rodriguez,"224 Leonard Valleys Apt. 708
Geraldfort, LA 85774",777.553.8031
d8a33c54-fa29-4291-afbe-bf84866fada0,Jerry Ortega,"43922 Stephen Extensions Apt. 959
Cameronton, HI 29418",001-401-095-5635x73076
2f57349a-5f24-42b3-af73-c64c83073f86,Kelly Anderson,"59443 Price Ramp
Shanefort, WV 07723",+1-796-532-2013x1725
f53c80eb-fd54-4149-b060-aa024633fb52,Suzanne Wagner,"1186 James Pass Suite 269
Charlesmouth, OH 60295",433-668-4342x5469
5a422fa9-614b-430f-b1f9-b0369cb27b66,Rachel Orozco,"9022 Harrison Hollow
New Christineside, SD 34186",(370)987-8441
2074b439-c453-4bbd-826d-3a45bd5867a5,Scott Kelly,"Unit 5980 Box 6709
DPO AP 60827",001-764-483-2894x77022
608c7047-b590-4ac7-879f-7b42c0dab48a,Joshua Allison,"USCGC Santiago
FPO AA 11547",+1-826-449-0227
0bc6883b-29fa-487e-9f8e-135aa2f3ffb0,Caleb Rodriguez,"3216 Crawford Trafficway
South Austinfort, AR 52281",+1-994-199-2413x506
8c4eb292-3e21-4b17-b46e-471708c70718,Robert Joseph,"556 William Garden
Velasquezstad, NH 38923",006-255-5198x5345
ba228f2b-0cb8-4b0b-ba8c-868957bb1310,Sara Martin,"2065 Susan Via
Lake Lisa, HI 35697",(973)274-2272
1a385c62-ddb9-48ba-a5aa-8489f10336d3,Ruben Forbes,"56971 Burgess Mill
East Tara, LA 10440",+1-291-901-3378x8765
990dea53-3de3-4018-ac5b-98f46916d652,Wendy Clarke,"600 Estrada Plains Suite 985
Doughertychester, AR 97044",672.025.3170
a7394878-c453-463d-9d7e-60cabe3d8b32,Rachel Ross,"143 Martha Drives Suite 565
Bethton, WV 32750",001-321-483-1429x447
36a43d9b-15bc-48e0-b904-c5ae04cbd3ba,Nicholas Adams,"5807 Jennifer Mission
Meganmouth, VT 76450",935.049.1311x14727
9e349520-5c4d-44bf-b95a-6172d41cf6fe,David Sexton,"4585 Shelia Views Suite 078
West Kimberlyville, MA 18167",629.052.5940x1509
56762811-628e-49ea-bebb-4347a181d998,Linda Martinez,"143 Stevens Corner
Mooreborough, NV 52708",(377)254-2377x52212
4ed9191b-fcd6-4afc-ac3e-4ccd93d10969,Judith Clarke,"1040 Bradford Extensions Apt. 990
East Terriview, NH 04566",761.917.8376x20757
e0793a98-56c0-4310-a5a6-5c183c0c4f49,Alyssa Cooper,"83871 Derek Lock
South Tonya, AR 46604",+1-009-236-5715x9313
14f93e57-60e3-4927-b556-140ed765bd3d,Jeffrey Duffy,"82995 Juarez Throughway Apt. 802
Edwinport, KY 53631",(923)592-4419x1044
e00f5017-e021-42af-8c01-e27366ca0672,Linda Frank,"30306 Vasquez Meadow
South Francisco, AL 17956",+1-578-190-1331x8928
3f1912fa-84a2-48e9-b721-5c26b494a7a4,John Ward,"6986 Raymond Throughway
Sandersland, SC 64000",365-401-8119
ef25485a-348f-480d-b6e6-61c96962399d,Sarah Walker,"47476 Howard Neck
South Anthonyland, ME 65072",065.725.7761x0554
526ddcdb-ef87-4be9-b06c-a32e465d7fdc,Jacob Vasquez,"03021 Mack Squares Suite 463
Harrisview, OK 24558",231.100.6428x7117
3046865c-8183-4bdd-9076-ba91d11180e4,Erin Roberts,"62461 Atkinson Station
South Brian, CT 17394",001-660-167-7800x67977
c64cd2cb-1ff2-4e1d-a12c-db704e40067f,Juan Taylor,"35109 Joshua Spurs Apt. 229
Ericmouth, ME 45978",(020)282-4961
1b8fea5e-df57-450f-b9ea-e2265496ab54,Chelsea Mitchell,"00040 Lee Pines
West Jilltown, NY 28845",(578)560-5175x3036
a9eb0ad2-f7eb-4c35-9ba5-df6e84eea330,Brian Hester,"9511 Jimenez Land Suite 981
Jerryport, NJ 63472",723.521.5914x197
aa115f53-6b42-4eb7-b0d8-1d43448f2357,Kenneth Lopez,"USNS Williams
FPO AA 93535",(871)365-8019
4caba6a6-d7d4-4a75-880e-f407dfc49bf9,Phillip Kaufman,"Unit 2938 Box 9926
DPO AA 55216",001-373-477-4272x43425
494ddffd-15d7-4222-9d1e-a8e2b3b383b4,Carol Oliver,"0247 Michael Junction
Gallegosville, LA 44879",250-524-9242x2350
f74f8987-5277-47eb-8fc0-1fc5ab24e4ff,Gabriela Castro,"816 Philip Forest Suite 689
Port Beth, MS 90440",148-486-7512x1934
db51e517-3835-441c-bcb4-b7936c9020e6,William Camacho,"254 Aaron Canyon
North Vanessaburgh, FL 72125",824-896-3658x1923
918498d0-ab32-4aba-b6ca-cbcf865c9c31,Elizabeth Perez,"USNS Stevens
FPO AE 94687",3210021266
e940d04f-dcee-4175-9d8f-030b5e87d37a,Brooke Vazquez,"Unit 9790 Box 8634
DPO AA 22124",340.643.2161x85130
5cec95b7-c565-47a1-8f07-1f36b410e7a2,Shelly Richardson,"42079 Turner Estates
West Meganland, NV 36143",001-627-374-0921
9c673cfe-3b14-4dbb-92e2-b2ae3773ff2a,Christopher Shepherd,"3596 Justin Village
New Jamesport, MA 78576",197-832-2539
d4e2912d-936c-4429-8b94-46f1a054f303,Raymond Sharp,"5199 Brooks Parkways Suite 832
Normanmouth, MO 74953",159.888.7622
b6453a06-9a7c-4851-ae49-f953875a7e09,Joseph Baker,"6895 Donna Manor
Port Sarah, ME 64628",442-606-0745
97a79a21-7a1e-43b0-8d16-53b9d75e3dde,James Owens,"2768 Gonzalez Loaf Suite 427
Port Amy, TX 07386",(180)254-7051x4718
55012808-c91a-4104-92c6-592499ebaa8d,Michael Daugherty,"785 Bruce Gardens Suite 632
New Tina, KS 33752",(704)323-0415x93433
ed9a35bb-e0c4-4ea6-ad1e-c148523e3e2d,Kevin Short MD,"69559 Amanda Mountain
West Rebeccahaven, GA 06416",001-782-134-4711x7193
4afd27bf-f9dc-4ab4-896c-a46f67d62d06,Erik Taylor,"33393 Warren Expressway Suite 011
Hendersonville, CT 51730",246-291-9383
ac55c7f5-08a3-4900-b359-4e62b00bb64b,Kimberly Hayes,"985 Lee Harbors
Port Meganshire, OK 56132",461-134-0604x291
4b5d2fbb-87ca-49f2-8aaa-eba908c1fce1,Anita Ford,"3154 Thomas Springs Apt. 409
West Marciahaven, DC 42014",(059)619-6304x25942
e986022f-d9b5-493a-ab00-c56d8ab1d3f0,Brittany Brown,"02263 Bryan Glens
Hubbardmouth, IN 60362",+1-916-502-9756x224
