"Région,Département,""COM ARRT/VILLE"",COMMUNE,QUARTIERS/VILLAGES,QUARTIER/VILLAGE/HAMEAU,CONCESSION,MENAGE,HOMMES,FEMMES,POPULATION"
"DAKAR,DAKAR,""AR. DAKAR-PLATEAU"",GOREE,,,,,842,849,1691"
"DAKAR,DAKAR,""AR. DAKAR-PLATEAU"",DAKAR-PLATEAU,,,,,18508,16443,34951"
"DAKAR,DAKAR,""AR. DAKAR-PLATEAU"",MEDINA,,,,,43893,38651,82544"
"DAKAR,DAKAR,""AR. DAKAR-PLATEAU"",""GUEULE TAPEE -FASS-COLOBANE"",,,,,31562,27665,59227"
"DAKAR,DAKAR,""AR. DAKAR-PLATEAU"",""FANN/POINT E/ AMITIE"",,,,,10756,9359,20115"
"DAKAR,DAKAR,""AR. GRAND-DAKAR"",""GRAND DAKAR"",,,,,24488,22846,47334"
"DAKAR,DAKAR,""AR. GRAND-DAKAR"",BISCUITERIE,,,,,39203,34822,74025"
"DAKAR,DAKAR,""AR. GRAND-DAKAR"",HLM,,,,,20908,22067,42975"
"DAKAR,DAKAR,""AR. GRAND-DAKAR"",""HANN/ BEL AIR"",,,,,43776,43132,86908"
"DAKAR,DAKAR,""AR. GRAND-DAKAR"",""SICAP LIBERTE"",,,,,19387,21692,41079"
"DAKAR,DAKAR,""AR. GRAND-DAKAR"",""DIEUPPEUL DERKLE"",,,,,18554,20171,38725"
"DAKAR,DAKAR,""AR. ALMADIES"",OUAKAM,,,,,49116,51425,100541"
"DAKAR,DAKAR,""AR. ALMADIES"",N’GOR,,,,,8927,8779,17706"
"DAKAR,DAKAR,""AR. ALMADIES"",YOFF,,,,,57414,61937,119351"
"DAKAR,DAKAR,""AR. ALMADIES"",""MERMOZ/ SACRE -COEUR"",,,,,17975,20623,38598"
"DAKAR,DAKAR,""AR. PARCELLES ASSAINIES"",""GRAND YOFF"",,,,,91693,95082,186775"
"DAKAR,DAKAR,""AR. PARCELLES ASSAINIES"",""PATTE D’OIE"",,,,,22500,24321,46821"
"DAKAR,DAKAR,""AR. PARCELLES ASSAINIES"",""PARCELLES ASSAINIES"",,,,,83275,84396,167671"
"DAKAR,DAKAR,""AR. PARCELLES ASSAINIES"",CAMBERENE,,,,,36338,35094,71432"
"DAKAR,PIKINE,""AR. PIKINE DAGOUDANE"",""PIKINE OUEST"",,,,,29024,28216,57240"
"DAKAR,PIKINE,""AR. PIKINE DAGOUDANE"",""PIKINE EST"",,,,,16932,15785,32717"
"DAKAR,PIKINE,""AR. PIKINE DAGOUDANE"",""PIKINE SUD"",,,,,25038,24050,49088"
"DAKAR,PIKINE,""AR. PIKINE DAGOUDANE"",DALIFORD,,,,,20051,19045,39096"
"DAKAR,PIKINE,""AR. PIKINE DAGOUDANE"",""DJIDAH THIAROYE KAO"",,,,,52104,48024,100128"
"DAKAR,PIKINE,""AR. PIKINE DAGOUDANE"",""GUINAW RAIL NORD"",,,,,15611,14692,30303"
"DAKAR,PIKINE,""AR. PIKINE DAGOUDANE"",""GUINAW RAIL SUD"",,,,,20801,19384,40185"
"DAKAR,PIKINE,""AR. THIAROYE"",""THIAROYE /MER"",,,,,31102,29977,61079"
"DAKAR,PIKINE,""AR. THIAROYE"",""DIACK SAO"",,,,,21263,19629,40892"
"DAKAR,PIKINE,""AR. THIAROYE"",""DIAMAGUENE/SICAP M’BAO"",,,,,71923,67453,139376"
"DAKAR,PIKINE,""AR. THIAROYE"",""THIAROYE GARE"",,,,,12821,12216,25037"
"DAKAR,PIKINE,""AR. THIAROYE"",M’BAO,,,,,73661,75795,149456"
"DAKAR,RUFISQUE,""AR. RUFISQUE EST"",""RUFISQUE NORD"",,,,,64171,62082,126253"
"DAKAR,RUFISQUE,""AR. RUFISQUE EST"",""RUFISQUE  EST"",,,,,42738,42016,84754"
"DAKAR,RUFISQUE,""AR. RUFISQUE EST"",""RUFISQUE OUEST"",,,,,40762,43690,84452"
"DAKAR,RUFISQUE,""COM. BARGNY"",""COM. BARGNY"",,,,,35189,34053,69242"
"DAKAR,RUFISQUE,""COM. SENDOU"",""COM. SENDOU"",,,,,2124,1921,4045"
"DAKAR,RUFISQUE,""AR. DIAMNIADIO"",YENE,,,,,18005,16887,34892"
"DAKAR,RUFISQUE,""AR. DIAMNIADIO"",DIAMNIADIO,,,,,25516,22243,47759"
"DAKAR,RUFISQUE,""AR. DIAMNIADIO"",SEBIKOTANE,,,,,21762,21077,42839"
"DAKAR,RUFISQUE,""AR. SANGALKAM"",BAMBYLOR,,,,,31234,29866,61100"
"DAKAR,RUFISQUE,""AR. SANGALKAM"",""TIVAOUANE PEULH-NIAGHA"",,,,,76725,75318,152043"
"DAKAR,RUFISQUE,""AR. SANGALKAM"",SANGALKAM,,,,,55540,55418,110958"
"DAKAR,GUEDIAWAYE,""AR. SAM NOTAIRE"",""GOLF SUD"",,,,,55724,58345,114069"
"DAKAR,GUEDIAWAYE,""AR. SAM NOTAIRE"",""SAM  NOTAIRE"",,,,,40008,40558,80566"
"DAKAR,GUEDIAWAYE,""AR. WAKHINANE NIMZATT"",""N’DIAREME LIMAMOULAYE"",,,,,17722,18302,36024"
"DAKAR,GUEDIAWAYE,""AR. WAKHINANE NIMZATT"",""WAKHINANE NIMZATT"",,,,,53111,52350,105461"
"DAKAR,GUEDIAWAYE,""AR. WAKHINANE NIMZATT"",""MEDINA GOUNASS"",,,,,19026,17562,36588"
"DAKAR,""KEUR MASSAR"",""AR. YEUMBEUL NORD"",""YEUMBEUL NORD"",,,,,104287,100088,204375"
"DAKAR,""KEUR MASSAR"",""AR. YEUMBEUL NORD"",""YEUMBEUL SUD"",,,,,55563,52506,108069"
"DAKAR,""KEUR MASSAR"",""AR. MALIKA"",MALIKA,,,,,28305,28402,56707"
"DAKAR,""KEUR MASSAR"",""AR. MALIKA"",""KEUR MASSAR NORD"",,,,,113938,110827,224765"
"DAKAR,""KEUR MASSAR"",""AR. JAXAAY"",JAXAAY-PARCELLES,,,,,35286,35750,71036"
"DAKAR,""KEUR MASSAR"",""AR. JAXAAY"",""KEUR MASSAR SUD"",,,,,52577,52785,105362"
"ZIGUINCHOR,BIGNONA,""COM. BIGNONA"",""COM. BIGNONA"",,,,,14580,14062,28642"
"ZIGUINCHOR,BIGNONA,""COM. THIONCK-ESSYL"",""COM. THIONCK-ESSYL"",,,,,4553,4408,8961"
"ZIGUINCHOR,BIGNONA,""AR. SINDIAN"",DJIBIDIONE,,,,,4889,3970,8859"
"ZIGUINCHOR,BIGNONA,""AR. SINDIAN"",OULAMPANE,,,,,7845,7064,14909"
"ZIGUINCHOR,BIGNONA,""AR. SINDIAN"",SINDIAN,,,,,6103,5573,11676"
"ZIGUINCHOR,BIGNONA,""AR. SINDIAN"",SUELLE,,,,,4933,4241,9174"
"ZIGUINCHOR,BIGNONA,""AR. TENDOUCK"",BALINGORE,,,,,2878,2635,5513"
"ZIGUINCHOR,BIGNONA,""AR. TENDOUCK"",DIEGOUNE,,,,,3755,3779,7534"
"ZIGUINCHOR,BIGNONA,""AR. TENDOUCK"",KARTHIACK,,,,,4028,3934,7962"
"ZIGUINCHOR,BIGNONA,""AR. TENDOUCK"",MANGAGOULACK,,,,,4406,4097,8503"
"ZIGUINCHOR,BIGNONA,""AR. TENDOUCK"",MLOMP,,,,,1557,1571,3128"
"ZIGUINCHOR,BIGNONA,""AR. TENGHORY"",COUBALAN,,,,,6145,6011,12156"
"ZIGUINCHOR,BIGNONA,""AR. TENGHORY"",NIAMONE,,,,,4573,4212,8785"
"ZIGUINCHOR,BIGNONA,""AR. TENGHORY"",OUONCK,,,,,5546,5368,10914"
"ZIGUINCHOR,BIGNONA,""AR. TENGHORY"",TENGHORY,,,,,20207,19302,39509"
"ZIGUINCHOR,BIGNONA,""AR. KATABA I"",DJINAKI,,,,,10115,9465,19580"
"ZIGUINCHOR,BIGNONA,""AR. KATABA I"",KAFOUNTINE,,,,,22843,18747,41590"
"ZIGUINCHOR,BIGNONA,""AR. KATABA I"",""KATABA I"",,,,,16791,15205,31996"
"ZIGUINCHOR,BIGNONA,""AR. KATABA I"",""COM. DIOULOULOU"",,,,,4435,3674,8109"
"ZIGUINCHOR,OUSSOUYE,""COM. OUSSOUYE"",""COM. OUSSOUYE"",,,,,2907,2798,5705"
"ZIGUINCHOR,OUSSOUYE,""AR. CABROUSSE"",DJEMBERING,,,,,13792,12110,25902"
"ZIGUINCHOR,OUSSOUYE,""AR. CABROUSSE"",""SANTHIABA MANJACQUE"",,,,,1520,1521,3041"
"ZIGUINCHOR,OUSSOUYE,""AR. LOUDIA OUOLOF"",MLOMP,,,,,6050,5376,11426"
"ZIGUINCHOR,OUSSOUYE,""AR. LOUDIA OUOLOF"",OUKOUT,,,,,4116,4377,8493"
"ZIGUINCHOR,ZIGUINCHOR,""COM. ZIGUINCHOR"",""COM. ZIGUINCHOR"",,,,,109399,105475,214874"
"ZIGUINCHOR,ZIGUINCHOR,""AR. NIAGUIS"",ADEANE,,,,,9981,9747,19728"
"ZIGUINCHOR,ZIGUINCHOR,""AR. NIAGUIS"",""BOUTOUPA CAMARACOUNDA"",,,,,4588,4094,8682"
"ZIGUINCHOR,ZIGUINCHOR,""AR. NIAGUIS"",NIAGUIS,,,,,10986,10685,21671"
"ZIGUINCHOR,ZIGUINCHOR,""AR. NYASSIA"",ENAMPORE,,,,,2530,2347,4877"
"ZIGUINCHOR,ZIGUINCHOR,""AR. NYASSIA"",NYASSIA,,,,,2932,2737,5669"
"DIOURBEL,BAMBEY,""COM. BAMBEY"",""COM. BAMBEY"",,,,,17792,19582,37374"
"DIOURBEL,BAMBEY,""AR. BABA GARAGE"",""BABA GARAGE"",,,,,9199,9106,18305"
"DIOURBEL,BAMBEY,""AR. BABA GARAGE"",DINGUIRAYE,,,,,6222,5659,11881"
"DIOURBEL,BAMBEY,""AR. BABA GARAGE"",""KEUR SAMBA KANE"",,,,,10336,10700,21036"
"DIOURBEL,BAMBEY,""AR. LAMBAYE"",GAWANE,,,,,10317,9590,19907"
"DIOURBEL,BAMBEY,""AR. LAMBAYE"",LAMBAYE,,,,,13731,16755,30486"
"DIOURBEL,BAMBEY,""AR. LAMBAYE"",N’GOGOM,,,,,20151,20797,40948"
"DIOURBEL,BAMBEY,""AR. LAMBAYE"",REFANE,,,,,19871,20084,39955"
"DIOURBEL,BAMBEY,""AR. N’GOYE"",DANGALMA,,,,,21822,22576,44398"
"DIOURBEL,BAMBEY,""AR. N’GOYE"",N’DONDOL,,,,,12189,13654,25843"
"DIOURBEL,BAMBEY,""AR. N’GOYE"",N’GOYE,,,,,26184,28054,54238"
"DIOURBEL,BAMBEY,""AR. N’GOYE"",THIAKAR,,,,,16386,15710,32096"
"DIOURBEL,DIOURBEL,""COM. DIOURBEL"",""COM. DIOURBEL"",,,,,78003,79551,157554"
"DIOURBEL,DIOURBEL,""AR. N’DINDY"",""DANKH  SENE"",,,,,6137,6273,12410"
"DIOURBEL,DIOURBEL,""AR. N’DINDY"",""GADE ESCALE"",,,,,2376,2145,4521"
"DIOURBEL,DIOURBEL,""AR. N’DINDY"",N’DINDY,,,,,8802,8524,17326"
"DIOURBEL,DIOURBEL,""AR. N’DINDY"",""KEUR N’GALGOU"",,,,,5096,4664,9760"
"DIOURBEL,DIOURBEL,""AR. N’DINDY"",""TAIBA MOUTOUPHA"",,,,,7108,6782,13890"
"DIOURBEL,DIOURBEL,""AR. N’DINDY"",""TOUBA LAPPE"",,,,,2788,2339,5127"
"DIOURBEL,DIOURBEL,""AR. N’DOULO"",N’DOULO,,,,,7458,7362,14820"
"DIOURBEL,DIOURBEL,""AR. N’DOULO"",N’GOHE,,,,,20560,20198,40758"
"DIOURBEL,DIOURBEL,""AR. N’DOULO"",PATAR,,,,,13549,13107,26656"
"DIOURBEL,DIOURBEL,""AR. N’DOULO"",""TOCKY GARE"",,,,,12901,11920,24821"
"DIOURBEL,DIOURBEL,""AR. N’DOULO"",""TOURE M’BONDE"",,,,,8588,7878,16466"
"DIOURBEL,M’BACKE,""COM. M’BACKE"",""COM. M’BACKE"",,,,,49369,52082,101451"
"DIOURBEL,M’BACKE,""AR. KAEL"",""DENDEYE GOUYE GUI"",,,,,3676,3385,7061"
"DIOURBEL,M’BACKE,""AR. KAEL"",""DAROU SALAM  TYP"",,,,,4005,3240,7245"
"DIOURBEL,M’BACKE,""AR. KAEL"",KAEL,,,,,3770,3374,7144"
"DIOURBEL,M’BACKE,""AR. KAEL"",MADINA,,,,,4713,4050,8763"
"DIOURBEL,M’BACKE,""AR. KAEL"",""N’DIOUMANE  T. THIEKENE"",,,,,3435,3216,6651"
"DIOURBEL,M’BACKE,""AR. KAEL"",""TOUBA  M’BOUL"",,,,,7012,6219,13231"
"DIOURBEL,M’BACKE,""AR. KAEL"",""DAROU NAHIM"",,,,,1631,1311,2942"
"DIOURBEL,M’BACKE,""AR. KAEL"",""TAIBA TIECKENE"",,,,,1403,1062,2465"
"DIOURBEL,M’BACKE,""AR. N’DAME"",""DALLA N’GABOU"",,,,,6983,5626,12609"
"DIOURBEL,M’BACKE,""AR. N’DAME"",MISSIRAH,,,,,4512,3904,8416"
"DIOURBEL,M’BACKE,""AR. N’DAME"",N’GHAYE,,,,,3530,3247,6777"
"DIOURBEL,M’BACKE,""AR. N’DAME"",""TOUBA FALL"",,,,,6322,5178,11500"
"DIOURBEL,M’BACKE,""AR. N’DAME"",""TOUBA MOSQUEE"",,,,,550565,570259,1120824"
"DIOURBEL,M’BACKE,""AR. TAIF"",SADIO,,,,,12196,12248,24444"
"DIOURBEL,M’BACKE,""AR. TAIF"",TAÏF,,,,,9063,9170,18233"
"SAINT-LOUIS,DAGANA,""COM. DAGANA"",""COM. DAGANA"",,,,,13893,12675,26568"
"SAINT-LOUIS,DAGANA,""COM. RICHARD-TOLL"",""COM. RICHARD-TOLL"",,,,,38787,34360,73147"
"SAINT-LOUIS,DAGANA,""AR. MBANE"",MBANE,,,,,20226,20528,40754"
"SAINT-LOUIS,DAGANA,""AR. MBANE"",BOKHOL,,,,,11395,11256,22651"
"SAINT-LOUIS,DAGANA,""AR. MBANE"",""COM. GAE"",,,,,6400,5896,12296"
"SAINT-LOUIS,DAGANA,""AR. MBANE"",""COM. NDOMBO SANDJIRY"",,,,,3343,2837,6180"
"SAINT-LOUIS,DAGANA,""AR. NDIAYE"",DIAMA,,,,,24684,23814,48498"
"SAINT-LOUIS,DAGANA,""AR. NDIAYE"",NGNITH,,,,,17018,15691,32709"
"SAINT-LOUIS,DAGANA,""AR. NDIAYE"",RONKH,,,,,14616,13120,27736"
"SAINT-LOUIS,DAGANA,""AR. NDIAYE"",""COM. ROSS-BETHIO"",,,,,8726,7499,16225"
"SAINT-LOUIS,DAGANA,""AR. NDIAYE"",""COM. ROSSO-SENEGAL"",,,,,11774,10525,22299"
"SAINT-LOUIS,PODOR,""COM. PODOR"",""COM. PODOR"",,,,,6366,6146,12512"
"SAINT-LOUIS,PODOR,""COM. NDIOUM"",""COM. NDIOUM"",,,,,10764,9506,20270"
"SAINT-LOUIS,PODOR,""AR. CAS-CAS"",""MEDINA NDIATHBE"",,,,,20963,20528,41491"
"SAINT-LOUIS,PODOR,""AR. CAS-CAS"",DOUNGA-LAO,,,,,21265,22346,43611"
"SAINT-LOUIS,PODOR,""AR. CAS-CAS"",MERY,,,,,11383,11348,22731"
"SAINT-LOUIS,PODOR,""AR. CAS-CAS"",""COM. AERE LAO"",,,,,7297,7087,14384"
"SAINT-LOUIS,PODOR,""AR. CAS-CAS"",""COM. GOLLERE"",,,,,3755,3369,7124"
"SAINT-LOUIS,PODOR,""AR. CAS-CAS"",""COM. MBOUMBA"",,,,,2922,2535,5457"
"SAINT-LOUIS,PODOR,""AR. CAS-CAS"",""COM. WALALDE"",,,,,2203,2184,4387"
"SAINT-LOUIS,PODOR,""AR. SALDE"",""BOKE DIALLOUBE"",,,,,19998,19508,39506"
"SAINT-LOUIS,PODOR,""AR. SALDE"",""MBOLO BIRANE"",,,,,15654,15448,31102"
"SAINT-LOUIS,PODOR,""AR. SALDE"",""COM. GALOYA TOUCOULEUR"",,,,,3448,3053,6501"
"SAINT-LOUIS,PODOR,""AR. SALDE"",""COM. PETE"",,,,,2521,2314,4835"
"SAINT-LOUIS,PODOR,""AR. THILLE BOUBACAR"",FANAYE,,,,,24123,24051,48174"
"SAINT-LOUIS,PODOR,""AR. THILLE BOUBACAR"",""NDIAYENE PENDAO"",,,,,16799,17213,34012"
"SAINT-LOUIS,PODOR,""AR. THILLE BOUBACAR"",""COM. NDIANDANE"",,,,,3553,3216,6769"
"SAINT-LOUIS,PODOR,""AR. GAMADJI SARE"",DODEL,,,,,22055,24261,46316"
"SAINT-LOUIS,PODOR,""AR. GAMADJI SARE"",""GAMADJI SARE"",,,,,14593,15378,29971"
"SAINT-LOUIS,PODOR,""AR. GAMADJI SARE"",""GUEDE VILLAGE"",,,,,26224,26454,52678"
"SAINT-LOUIS,PODOR,""AR. GAMADJI SARE"",""COM. BODE LAO"",,,,,1842,1918,3760"
"SAINT-LOUIS,PODOR,""AR. GAMADJI SARE"",""COM. DEMETTE"",,,,,1675,1739,3414"
"SAINT-LOUIS,PODOR,""AR. GAMADJI SARE"",""COM. GUEDE CHANTIER"",,,,,3468,3534,7002"
"SAINT-LOUIS,""SAINT LOUIS"",""COM. SAINT LOUIS"",""COM. SAINT LOUIS"",,,,,130257,123914,254171"
"SAINT-LOUIS,""SAINT LOUIS"",""AR. RAO"",GANDON,,,,,36654,34426,71080"
"SAINT-LOUIS,""SAINT LOUIS"",""AR. RAO"",""FASS NGOM"",,,,,11865,11289,23154"
"SAINT-LOUIS,""SAINT LOUIS"",""AR. RAO"",""N’DIEBENE GANDIOLE"",,,,,13093,14845,27938"
"SAINT-LOUIS,""SAINT LOUIS"",""AR. RAO"",""COM. M’PAL"",,,,,5282,5743,11025"
"TAMBACOUNDA,BAKEL,""COM. BAKEL"",""COM. BAKEL"",,,,,10350,8589,18939"
"TAMBACOUNDA,BAKEL,""AR. KENIEBA"",GATHIARY,,,,,2056,1917,3973"
"TAMBACOUNDA,BAKEL,""AR. KENIEBA"",""MADINA FOULBE"",,,,,2118,1685,3803"
"TAMBACOUNDA,BAKEL,""AR. KENIEBA"",SADATOU,,,,,9583,7676,17259"
"TAMBACOUNDA,BAKEL,""AR. KENIEBA"",TOUMBOURA,,,,,2457,2571,5028"
"TAMBACOUNDA,BAKEL,""AR. BELE"",BELE,,,,,13256,12605,25861"
"TAMBACOUNDA,BAKEL,""AR. BELE"",SINTHIOU-FISSA,,,,,6390,6510,12900"
"TAMBACOUNDA,BAKEL,""AR. BELE"",""COM. KIDIRA"",,,,,7103,6448,13551"
"TAMBACOUNDA,BAKEL,""AR. MOUDERY"",BALLOU,,,,,11851,12107,23958"
"TAMBACOUNDA,BAKEL,""AR. MOUDERY"",GABOU,,,,,14422,14190,28612"
"TAMBACOUNDA,BAKEL,""AR. MOUDERY"",MOUDERY,,,,,11359,12547,23906"
"TAMBACOUNDA,BAKEL,""AR. MOUDERY"",""COM. DIAWARA"",,,,,5881,6266,12147"
"TAMBACOUNDA,TAMBACOUNDA,""COM. TAMBACOUNDA"",""COM. TAMBACOUNDA"",,,,,75735,73336,149071"
"TAMBACOUNDA,TAMBACOUNDA,""AR. KOUSSANAR"",KOUSSANAR,,,,,20735,20369,41104"
"TAMBACOUNDA,TAMBACOUNDA,""AR. KOUSSANAR"",""SINTHIOU MALEM"",,,,,15318,14214,29532"
"TAMBACOUNDA,TAMBACOUNDA,""AR. MAKACOULIBANTANG"",MAKACOULIBATANG,,,,,27285,25699,52984"
"TAMBACOUNDA,TAMBACOUNDA,""AR. MAKACOULIBANTANG"",""N’DOGA BABACAR"",,,,,14437,14131,28568"
"TAMBACOUNDA,TAMBACOUNDA,""AR. MAKACOULIBANTANG"",""NIANI TOUCOULEUR"",,,,,9381,8688,18069"
"TAMBACOUNDA,TAMBACOUNDA,""AR. MISSIRAH"",DIALACOTO,,,,,13071,11448,24519"
"TAMBACOUNDA,TAMBACOUNDA,""AR. MISSIRAH"",MISSIRAH,,,,,28931,28649,57580"
"TAMBACOUNDA,TAMBACOUNDA,""AR. MISSIRAH"",""NETTE BOULOU"",,,,,13065,12927,25992"
"TAMBACOUNDA,GOUDIRY,""COM. GOUDIRY"",""COM. GOUDIRY"",,,,,5371,5169,10540"
"TAMBACOUNDA,GOUDIRY,""AR. BALA"",BALA,,,,,5114,4685,9799"
"TAMBACOUNDA,GOUDIRY,""AR. BALA"",GOUMBAYEL,,,,,4561,4564,9125"
"TAMBACOUNDA,GOUDIRY,""AR. BALA"",KOAR,,,,,6045,6120,12165"
"TAMBACOUNDA,GOUDIRY,""AR. BOYNGUEL BAMBA"",DOUGUE,,,,,4519,4756,9275"
"TAMBACOUNDA,GOUDIRY,""AR. BOYNGUEL BAMBA"",""BOYNGUEL BAMBA"",,,,,8345,8271,16616"
"TAMBACOUNDA,GOUDIRY,""AR. BOYNGUEL BAMBA"",KOUSSAN,,,,,5308,5714,11022"
"TAMBACOUNDA,GOUDIRY,""AR. BOYNGUEL BAMBA"",""SINTHIOU MAMADOU BOUBOU"",,,,,10788,10878,21666"
"TAMBACOUNDA,GOUDIRY,""AR. DIANKE MAKHA"",""BANI   ISRAEL"",,,,,4217,4464,8681"
"TAMBACOUNDA,GOUDIRY,""AR. DIANKE MAKHA"",BOUTOUCOUFARA,,,,,4240,4214,8454"
"TAMBACOUNDA,GOUDIRY,""AR. DIANKE MAKHA"",""DIANKE MAKHA"",,,,,5493,5456,10949"
"TAMBACOUNDA,GOUDIRY,""AR. DIANKE MAKHA"",KOMOTI,,,,,6100,6079,12179"
"TAMBACOUNDA,GOUDIRY,""AR. KOULOR"",KOULOR,,,,,7650,7377,15027"
"TAMBACOUNDA,GOUDIRY,""AR. KOULOR"",""SINTHIOU BOCAR ALI"",,,,,4792,4154,8946"
"TAMBACOUNDA,GOUDIRY,""AR. KOULOR"",""COM. KOTHIARY"",,,,,3111,3046,6157"
"TAMBACOUNDA,KOUPENTOUM,""COM. KOUMPENTOUM"",""COM. KOUMPENTOUM"",,,,,7859,7864,15723"
"TAMBACOUNDA,KOUPENTOUM,""AR. BAMBA THIALENE"",""BAMBA THIALENE"",,,,,11073,10470,21543"
"TAMBACOUNDA,KOUPENTOUM,""AR. BAMBA THIALENE"",KAHENE,,,,,11612,10954,22566"
"TAMBACOUNDA,KOUPENTOUM,""AR. BAMBA THIALENE"",MERETO,,,,,9267,8279,17546"
"TAMBACOUNDA,KOUPENTOUM,""AR. BAMBA THIALENE"",N’DAME,,,,,7351,6944,14295"
"TAMBACOUNDA,KOUPENTOUM,""AR. KOUTHIABA WOLOF"",""KOUTHIA GAYDI"",,,,,9230,8241,17471"
"TAMBACOUNDA,KOUPENTOUM,""AR. KOUTHIABA WOLOF"",""KOUTHIABA WOLOF"",,,,,15952,13833,29785"
"TAMBACOUNDA,KOUPENTOUM,""AR. KOUTHIABA WOLOF"",""PASS KOTO"",,,,,9850,9262,19112"
"TAMBACOUNDA,KOUPENTOUM,""AR. KOUTHIABA WOLOF"",PAYAR,,,,,19158,17543,36701"
"TAMBACOUNDA,KOUPENTOUM,""AR. KOUTHIABA WOLOF"",""COM. MALEM NIANI"",,,,,2293,2162,4455"
"KAOLACK,KAOLACK,""COM. KAOLACK"",""COM. KAOLACK"",,,,,149606,149298,298904"
"KAOLACK,KAOLACK,""COM. KAHONE"",""COM. KAHONE"",,,,,13919,12457,26376"
"KAOLACK,KAOLACK,""AR. NDIEDIENG"",""KEUR SOCE"",,,,,18790,18777,37567"
"KAOLACK,KAOLACK,""AR. NDIEDIENG"",NDIAFFATE,,,,,25467,24026,49493"
"KAOLACK,KAOLACK,""AR. NDIEDIENG"",NDIEDIENG,,,,,20617,20404,41021"
"KAOLACK,KAOLACK,""AR. KOUMBAL"",LATMINGUE,,,,,20738,20418,41156"
"KAOLACK,KAOLACK,""AR. KOUMBAL"",THIARE,,,,,17890,17886,35776"
"KAOLACK,KAOLACK,""AR. KOUMBAL"",""KEUR BAKA"",,,,,14619,14690,29309"
"KAOLACK,KAOLACK,""AR. KOUMBAL"",""COM. NDOFFANE"",,,,,8926,10048,18974"
"KAOLACK,KAOLACK,""AR. NGOTHIE"",DYA,,,,,10276,9590,19866"
"KAOLACK,KAOLACK,""AR. NGOTHIE"",NDIEBEL,,,,,8480,8156,16636"
"KAOLACK,KAOLACK,""AR. NGOTHIE"",THIOMBY,,,,,9714,9514,19228"
"KAOLACK,KAOLACK,""AR. NGOTHIE"",""COM. GANDIAYE"",,,,,8957,9282,18239"
"KAOLACK,KAOLACK,""AR. NGOTHIE"",""COM. SIBASSOR"",,,,,5568,5940,11508"
"KAOLACK,NIORO,""COM. NIORO"",""COM. NIORO"",,,,,14176,14315,28491"
"KAOLACK,NIORO,""AR. MEDINA-SABAKH"",KAYEMOR,,,,,17398,16808,34206"
"KAOLACK,NIORO,""AR. MEDINA-SABAKH"",MEDINA-SABAKH,,,,,33158,32938,66096"
"KAOLACK,NIORO,""AR. MEDINA-SABAKH"",NGAYENE,,,,,17179,18551,35730"
"KAOLACK,NIORO,""AR. PAOSKOTO"",""GAINTE KAYE"",,,,,21400,19622,41022"
"KAOLACK,NIORO,""AR. PAOSKOTO"",PAOSKOTO,,,,,12433,12555,24988"
"KAOLACK,NIORO,""AR. PAOSKOTO"",POROKHANE,,,,,23547,23259,46806"
"KAOLACK,NIORO,""AR. PAOSKOTO"",""TAÏBA NIASSENE"",,,,,19239,18795,38034"
"KAOLACK,NIORO,""AR. PAOSKOTO"",DABALY,,,,,8127,7127,15254"
"KAOLACK,NIORO,""AR. PAOSKOTO"",""DAROU SALAM"",,,,,17853,18308,36161"
"KAOLACK,NIORO,""AR. WACK-NGOUNA"",""KEUR MABA DIAKHOU"",,,,,19010,17772,36782"
"KAOLACK,NIORO,""AR. WACK-NGOUNA"",""NDRAME ESCALE"",,,,,15187,14911,30098"
"KAOLACK,NIORO,""AR. WACK-NGOUNA"",""WACK NGOUNA"",,,,,24977,23924,48901"
"KAOLACK,NIORO,""AR. WACK-NGOUNA"",""KEUR MANDONGO"",,,,,6778,6710,13488"
"KAOLACK,NIORO,""AR. WACK-NGOUNA"",""COM. KEUR MADIABEL"",,,,,8141,8410,16551"
"KAOLACK,GUINGUINEO,""COM. GUINGUINEO"",""COM. GUINGUINEO"",,,,,9820,10520,20340"
"KAOLACK,GUINGUINEO,""AR. MBADAKHOUNE"",MBADAKHOUNE,,,,,14032,11377,25409"
"KAOLACK,GUINGUINEO,""AR. MBADAKHOUNE"",NDIAGO,,,,,6943,6136,13079"
"KAOLACK,GUINGUINEO,""AR. MBADAKHOUNE"",""NGATHIE NAOUDE"",,,,,9774,9163,18937"
"KAOLACK,GUINGUINEO,""AR. MBADAKHOUNE"",""KHELCOM BIRAME"",,,,,8800,8065,16865"
"KAOLACK,GUINGUINEO,""AR. MBADAKHOUNE"",""COM. FASS"",,,,,3049,3404,6453"
"KAOLACK,GUINGUINEO,""AR. NGUELOU"",GAGNICK,,,,,5257,5015,10272"
"KAOLACK,GUINGUINEO,""AR. NGUELOU"",NGUELOU,,,,,5877,5447,11324"
"KAOLACK,GUINGUINEO,""AR. NGUELOU"",OUROUR,,,,,7769,7498,15267"
"KAOLACK,GUINGUINEO,""AR. NGUELOU"",""DARA MBOSS"",,,,,3662,3195,6857"
"KAOLACK,GUINGUINEO,""AR. NGUELOU"",""PANAL OUOLOF"",,,,,4720,4440,9160"
"KAOLACK,GUINGUINEO,""AR. NGUELOU"",""COM. MBOSS"",,,,,3037,3057,6094"
"THIES,M’BOUR,""COM. JOAL- FADIOUTH"",""COM. JOAL- FADIOUTH"",,,,,32545,29037,61582"
"THIES,M’BOUR,""COM. M’BOUR"",""COM. M’BOUR"",,,,,146196,137993,284189"
"THIES,M’BOUR,""AR. FISSEL"",FISSEL,,,,,24192,24789,48981"
"THIES,M’BOUR,""AR. FISSEL"",N’DIAGANIAO,,,,,30741,29913,60654"
"THIES,M’BOUR,""AR. SESSENE"",N’GUENIENE,,,,,25158,23819,48977"
"THIES,M’BOUR,""AR. SESSENE"",SANDIARA,,,,,19893,18440,38333"
"THIES,M’BOUR,""AR. SESSENE"",SESSENE,,,,,16015,15302,31317"
"THIES,M’BOUR,""AR. SESSENE"",""COM. THIADIAYE"",,,,,9932,10236,20168"
"THIES,M’BOUR,""AR. SINDIA"",MALICOUNDA,,,,,61092,56498,117590"
"THIES,M’BOUR,""AR. SINDIA"",DIASS,,,,,21221,20212,41433"
"THIES,M’BOUR,""AR. SINDIA"",SINDIA,,,,,30047,27009,57056"
"THIES,M’BOUR,""AR. SINDIA"",""COM. GUEKOKH"",,,,,24824,23140,47964"
"THIES,M’BOUR,""AR. SINDIA"",""COM. N’GAPAROU"",,,,,7057,6687,13744"
"THIES,M’BOUR,""AR. SINDIA"",""COM. POPENGUINE"",,,,,6499,6244,12743"
"THIES,M’BOUR,""AR. SINDIA"",""COM. SALY PORTUDAL"",,,,,21446,20365,41811"
"THIES,M’BOUR,""AR. SINDIA"",""COM. SOMONE"",,,,,4425,4337,8762"
"THIES,THIES,""AR. THIES NORD"",""THIES NORD"",,,,,68385,67753,136138"
"THIES,THIES,""AR. THIES SUD"",""THIES EST"",,,,,82838,83418,166256"
"THIES,THIES,""AR. THIES SUD"",""THIES OUEST"",,,,,43862,44997,88859"
"THIES,THIES,""COM. KHOMBOLE"",""COM. KHOMBOLE"",,,,,9671,10650,20321"
"THIES,THIES,""COM. POUT"",""COM. POUT"",,,,,15285,14589,29874"
"THIES,THIES,""AR. NOTTO"",NOTTO,,,,,28835,27132,55967"
"THIES,THIES,""AR. NOTTO"",TASSETTE,,,,,14122,12772,26894"
"THIES,THIES,""AR. THIENABA"",""N’DIEYENE SIRAKH"",,,,,18500,18795,37295"
"THIES,THIES,""AR. THIENABA"",N’GOUNDIANE,,,,,16956,16394,33350"
"THIES,THIES,""AR. THIENABA"",THIENABA,,,,,17433,16485,33918"
"THIES,THIES,""AR. THIENABA"",""TOUBA TOUL"",,,,,31323,32514,63837"
"THIES,THIES,""AR. KEUR MOUSSA"",""DIENDER GUEDJI"",,,,,22690,21668,44358"
"THIES,THIES,""AR. KEUR MOUSSA"",FANDENE,,,,,24077,23062,47139"
"THIES,THIES,""AR. KEUR MOUSSA"",""KEUR MOUSSA"",,,,,31428,30279,61707"
"THIES,THIES,""AR. KEUR MOUSSA"",""COM. CAYAR"",,,,,16861,16412,33273"
"THIES,TIVAOUANE,""COM. MEKHE"",""COM. MEKHE"",,,,,13587,13979,27566"
"THIES,TIVAOUANE,""COM. TIVAOUANE"",""COM. TIVAOUANE"",,,,,53388,49270,102658"
"THIES,TIVAOUANE,""AR. MEOUANE"",MEOUANE,,,,,23384,22905,46289"
"THIES,TIVAOUANE,""AR. MEOUANE"",""TAIBA N’DIAYE"",,,,,18732,17989,36721"
"THIES,TIVAOUANE,""AR. MEOUANE"",""DAROU KHOUDOSS"",,,,,54743,49603,104346"
"THIES,TIVAOUANE,""AR. MEOUANE"",""COM. M’BORO"",,,,,20951,19860,40811"
"THIES,TIVAOUANE,""AR. MERINA-DAKHAR"",KOUL,,,,,15945,16058,32003"
"THIES,TIVAOUANE,""AR. MERINA-DAKHAR"",""MERINA DAKHAR"",,,,,19364,19739,39103"
"THIES,TIVAOUANE,""AR. MERINA-DAKHAR"",PEKESSE,,,,,13618,12676,26294"
"THIES,TIVAOUANE,""AR. NIAKHENE"",M’BAYENE,,,,,5563,4884,10447"
"THIES,TIVAOUANE,""AR. NIAKHENE"",N’GANDIOUF,,,,,17240,16015,33255"
"THIES,TIVAOUANE,""AR. NIAKHENE"",NIAKHENE,,,,,6135,5160,11295"
"THIES,TIVAOUANE,""AR. NIAKHENE"",THILMAKHA,,,,,7451,7178,14629"
"THIES,TIVAOUANE,""AR. PAMBAL"",""CHERIF LÖ"",,,,,14836,13923,28759"
"THIES,TIVAOUANE,""AR. PAMBAL"",""MONT- ROLLAND"",,,,,8711,8728,17439"
"THIES,TIVAOUANE,""AR. PAMBAL"",""NOTTO GOUYE DIAMA"",,,,,17497,16539,34036"
"THIES,TIVAOUANE,""AR. PAMBAL"",""PIRE GOUREYE"",,,,,16764,15921,32685"
"THIES,TIVAOUANE,""AR. PAMBAL"",PAMBAL,,,,,5518,5335,10853"
"LOUGA,KEBEMER,""COM. KEBEMER"",""COM. KEBEMER"",,,,,13362,13943,27305"
"LOUGA,KEBEMER,""AR. DAROU MOUSTY"",""DAROU MARNANE"",,,,,7233,6841,14074"
"LOUGA,KEBEMER,""AR. DAROU MOUSTY"",""DAROU MOUSTY"",,,,,25868,26656,52524"
"LOUGA,KEBEMER,""AR. DAROU MOUSTY"",MBADIANE,,,,,5580,4660,10240"
"LOUGA,KEBEMER,""AR. DAROU MOUSTY"",NDOYENE,,,,,3189,3328,6517"
"LOUGA,KEBEMER,""AR. DAROU MOUSTY"",""SAM YABAL"",,,,,6373,5837,12210"
"LOUGA,KEBEMER,""AR. DAROU MOUSTY"",""TOUBA MERINA"",,,,,4856,4700,9556"
"LOUGA,KEBEMER,""AR. DAROU MOUSTY"",""MBACKE CADIOR"",,,,,3213,3021,6234"
"LOUGA,KEBEMER,""AR. NDANDE"",""BADEGNE OUOLOF"",,,,,8862,10176,19038"
"LOUGA,KEBEMER,""AR. NDANDE"",""DIOKOUL DIAWRIGNE"",,,,,10590,10454,21044"
"LOUGA,KEBEMER,""AR. NDANDE"",""KAB GAYE"",,,,,7723,6837,14560"
"LOUGA,KEBEMER,""AR. NDANDE"",NDANDE,,,,,15756,16309,32065"
"LOUGA,KEBEMER,""AR. NDANDE"",THIEPPE,,,,,12361,11058,23419"
"LOUGA,KEBEMER,""AR. NDANDE"",""COM. GUEOUL"",,,,,5032,5515,10547"
"LOUGA,KEBEMER,""AR. SAGATTA GUETH"",""KANENE NDIOB"",,,,,5698,5660,11358"
"LOUGA,KEBEMER,""AR. SAGATTA GUETH"",LORO,,,,,4965,4743,9708"
"LOUGA,KEBEMER,""AR. SAGATTA GUETH"",""SAGATTA GUETH"",,,,,9334,8780,18114"
"LOUGA,KEBEMER,""AR. SAGATTA GUETH"",""THIOLOM FALL"",,,,,12650,12392,25042"
"LOUGA,KEBEMER,""AR. SAGATTA GUETH"",""NGOURANE OUOLOF"",,,,,6228,6138,12366"
"LOUGA,LINGUERE,""COM. LINGUERE"",""COM. LINGUERE"",,,,,9841,9350,19191"
"LOUGA,LINGUERE,""COM. DAHRA"",""COM. DAHRA"",,,,,23338,22192,45530"
"LOUGA,LINGUERE,""AR. BARKEDJI"",BARKEDJI,,,,,12866,12256,25122"
"LOUGA,LINGUERE,""AR. BARKEDJI"",GASSANE,,,,,12714,11427,24141"
"LOUGA,LINGUERE,""AR. BARKEDJI"",THIARGNY,,,,,5601,5292,10893"
"LOUGA,LINGUERE,""AR. BARKEDJI"",THIEL,,,,,8743,8191,16934"
"LOUGA,LINGUERE,""AR. DODJI"",DODJI,,,,,9496,9595,19091"
"LOUGA,LINGUERE,""AR. DODJI"",LABGAR,,,,,4941,5606,10547"
"LOUGA,LINGUERE,""AR. DODJI"",OUARKHOH,,,,,10510,10351,20861"
"LOUGA,LINGUERE,""AR. YANG YANG"",KAMB,,,,,5341,5621,10962"
"LOUGA,LINGUERE,""AR. YANG YANG"",MBOULA,,,,,4421,4999,9420"
"LOUGA,LINGUERE,""AR. YANG YANG"",""TESSEKRE FORAGE"",,,,,5583,6108,11691"
"LOUGA,LINGUERE,""AR. YANG YANG"",""YANG YANG"",,,,,2843,2952,5795"
"LOUGA,LINGUERE,""AR. YANG YANG"",""COM. MBEULEUKHE"",,,,,971,997,1968"
"LOUGA,LINGUERE,""AR. SAGATTA DJOLOF"",BOULAL,,,,,6174,6256,12430"
"LOUGA,LINGUERE,""AR. SAGATTA DJOLOF"",DEALI,,,,,14601,12144,26745"
"LOUGA,LINGUERE,""AR. SAGATTA DJOLOF"",""SAGATTA DJOLOF"",,,,,6883,7088,13971"
"LOUGA,LINGUERE,""AR. SAGATTA DJOLOF"",""THIAMENE DJOLOF"",,,,,10235,9901,20136"
"LOUGA,LINGUERE,""AR. SAGATTA DJOLOF"",""AFFE DJOLOFF"",,,,,3161,3635,6796"
"LOUGA,LOUGA,""COM. LOUGA"",""COM. LOUGA"",,,,,56482,56883,113365"
"LOUGA,LOUGA,""AR. COKI"",COKI,,,,,16284,13033,29317"
"LOUGA,LOUGA,""AR. COKI"",""PETE OUARACK"",,,,,2933,3254,6187"
"LOUGA,LOUGA,""AR. COKI"",""THIAMENE CAYOR"",,,,,9826,9982,19808"
"LOUGA,LOUGA,""AR. COKI"",""GUET ARDO"",,,,,5809,5448,11257"
"LOUGA,LOUGA,""AR. COKI"",""COM. NDIAGNE"",,,,,4767,5279,10046"
"LOUGA,LOUGA,""AR. KEUR MOMAR SARR"",GANDE,,,,,8336,8861,17197"
"LOUGA,LOUGA,""AR. KEUR MOMAR SARR"",""KEUR MOMAR SARR"",,,,,20743,19708,40451"
"LOUGA,LOUGA,""AR. KEUR MOMAR SARR"",""NGUER MALAL"",,,,,15302,18945,34247"
"LOUGA,LOUGA,""AR. KEUR MOMAR SARR"",SYER,,,,,7005,6838,13843"
"LOUGA,LOUGA,""AR. MBEDIENE"",""KELLE GUEYE"",,,,,6803,6946,13749"
"LOUGA,LOUGA,""AR. MBEDIENE"",MBEDIENE,,,,,7264,7174,14438"
"LOUGA,LOUGA,""AR. MBEDIENE"",NGUIDILE,,,,,15369,16958,32327"
"LOUGA,LOUGA,""AR. MBEDIENE"",NIOMRE,,,,,9478,11658,21136"
"LOUGA,LOUGA,""AR. SAKAL"",LEONA,,,,,23860,22408,46268"
"LOUGA,LOUGA,""AR. SAKAL"",""NGUEUNE SARR"",,,,,10847,10813,21660"
"LOUGA,LOUGA,""AR. SAKAL"",SAKAL,,,,,15701,16768,32469"
"FATICK,FATICK,""COM. FATICK"",""COM. FATICK"",,,,,19959,19402,39361"
"FATICK,FATICK,""COM. DIOFIOR"",""COM. DIOFIOR"",,,,,6326,6469,12795"
"FATICK,FATICK,""AR. NDIOB"",DIAOULE,,,,,7601,7712,15313"
"FATICK,FATICK,""AR. NDIOB"",MBELACADIAO,,,,,8872,9247,18119"
"FATICK,FATICK,""AR. NDIOB"",NDIOB,,,,,11866,11541,23407"
"FATICK,FATICK,""AR. NDIOB"",""THIARE  NDIALGUI"",,,,,13395,12732,26127"
"FATICK,FATICK,""AR. NDIOB"",DIAKHAO,,,,,2671,2919,5590"
"FATICK,FATICK,""AR. FIMELA"",FIMELA,,,,,15796,15090,30886"
"FATICK,FATICK,""AR. FIMELA"",LOUL-SESSENE,,,,,11462,11066,22528"
"FATICK,FATICK,""AR. FIMELA"",""PALMARIN FACAO"",,,,,6224,4703,10927"
"FATICK,FATICK,""AR. FIMELA"",DJILASSE,,,,,5814,5292,11106"
"FATICK,FATICK,""AR. NIAKHAR"",NGAYOKHEME,,,,,14851,14957,29808"
"FATICK,FATICK,""AR. NIAKHAR"",NIAKHAR,,,,,16360,17336,33696"
"FATICK,FATICK,""AR. NIAKHAR"",PATAR,,,,,15192,15391,30583"
"FATICK,FATICK,""AR. TATTAGUINE"",DIARERE,,,,,17936,17839,35775"
"FATICK,FATICK,""AR. TATTAGUINE"",DIOUROUP,,,,,12940,13408,26348"
"FATICK,FATICK,""AR. TATTAGUINE"",TATTAGUINE,,,,,18309,17888,36197"
"FATICK,FOUNDIOUGNE,""COM. FOUNDIOUGNE"",""COM. FOUNDIOUGNE"",,,,,4635,4289,8924"
"FATICK,FOUNDIOUGNE,""COM. SOKONE"",""COM. SOKONE"",,,,,9766,10658,20424"
"FATICK,FOUNDIOUGNE,""AR. DJILOR"",DJILOR,,,,,11288,11588,22876"
"FATICK,FOUNDIOUGNE,""AR. DJILOR"",DIOSSONG,,,,,12917,14067,26984"
"FATICK,FOUNDIOUGNE,""AR. DJILOR"",""DIAGANE BARKA"",,,,,6462,6525,12987"
"FATICK,FOUNDIOUGNE,""AR. DJILOR"",MBAM,,,,,5857,5856,11713"
"FATICK,FOUNDIOUGNE,""AR. DJILOR"",NIASSENE,,,,,10202,10703,20905"
"FATICK,FOUNDIOUGNE,""AR. DJILOR"",""COM. PASSY"",,,,,8725,9597,18322"
"FATICK,FOUNDIOUGNE,""AR. DJILOR"",""COM. SOUM"",,,,,2904,3255,6159"
"FATICK,FOUNDIOUGNE,""AR. NIODIOR"",BASSOUL,,,,,5846,6100,11946"
"FATICK,FOUNDIOUGNE,""AR. NIODIOR"",DIONEWAR,,,,,6034,6555,12589"
"FATICK,FOUNDIOUGNE,""AR. NIODIOR"",DJIRNDA,,,,,5197,5221,10418"
"FATICK,FOUNDIOUGNE,""AR. TOUBACOUTA"",""KEUR SALOUM DIANE"",,,,,18064,19729,37793"
"FATICK,FOUNDIOUGNE,""AR. TOUBACOUTA"",""KEUR SAMBA GUEYE"",,,,,18337,18081,36418"
"FATICK,FOUNDIOUGNE,""AR. TOUBACOUTA"",""NIORO ALASSANE TALL"",,,,,23330,23036,46366"
"FATICK,FOUNDIOUGNE,""AR. TOUBACOUTA"",TOUBACOUTA,,,,,21976,21616,43592"
"FATICK,FOUNDIOUGNE,""AR. TOUBACOUTA"",""COM. KARANG POSTE"",,,,,14166,12806,26972"
"FATICK,GOSSAS,""COM. GOSSAS"",""COM. GOSSAS"",,,,,7519,8111,15630"
"FATICK,GOSSAS,""AR. COLOBANE"",COLOBANE,,,,,10698,10643,21341"
"FATICK,GOSSAS,""AR. COLOBANE"",MBAR,,,,,18826,17492,36318"
"FATICK,GOSSAS,""AR. OUADIOUR"",""NDIENE LAGANE"",,,,,7739,7587,15326"
"FATICK,GOSSAS,""AR. OUADIOUR"",OUADIOUR,,,,,8040,7569,15609"
"FATICK,GOSSAS,""AR. OUADIOUR"",""PATAR LIA"",,,,,9763,8981,18744"
"KOLDA,KOLDA,""COM. KOLDA"",""COM. KOLDA"",,,,,52012,51562,103574"
"KOLDA,KOLDA,""AR. DIOULACOLON"",DIOULACOLON,,,,,16177,15913,32090"
"KOLDA,KOLDA,""AR. DIOULACOLON"",""MEDINA  EL HADJI"",,,,,7795,7409,15204"
"KOLDA,KOLDA,""AR. DIOULACOLON"",""TANKANTO ESCALE"",,,,,9184,9164,18348"
"KOLDA,KOLDA,""AR. DIOULACOLON"",""GUIRO YERO BOCAR"",,,,,9670,9230,18900"
"KOLDA,KOLDA,""AR. DIOULACOLON"",""COM. SALIKEGNE"",,,,,2333,2308,4641"
"KOLDA,KOLDA,""AR. DIOULACOLON"",""COM. SARE YOBA DIEGA"",,,,,2127,2072,4199"
"KOLDA,KOLDA,""AR. MAMPATIM"",BAGADADJI,,,,,10291,9795,20086"
"KOLDA,KOLDA,""AR. MAMPATIM"",COUMBACARA,,,,,7691,7334,15025"
"KOLDA,KOLDA,""AR. MAMPATIM"",MAMPATIM,,,,,11305,10650,21955"
"KOLDA,KOLDA,""AR. MAMPATIM"",DIALAMBERE,,,,,8836,8123,16959"
"KOLDA,KOLDA,""AR. MAMPATIM"",""MEDINA CHERIF"",,,,,8259,7659,15918"
"KOLDA,KOLDA,""AR. MAMPATIM"",""COM. DABO"",,,,,4796,4815,9611"
"KOLDA,KOLDA,""AR. SARE BIDJI"",""SARE BIDJI"",,,,,11677,10694,22371"
"KOLDA,KOLDA,""AR. SARE BIDJI"",THIETTY,,,,,2759,2552,5311"
"KOLDA,VELINGARA,""COM. VELINGARA"",""COM. VELINGARA"",,,,,22801,22630,45431"
"KOLDA,VELINGARA,""AR. BONCONTO"",BONCONTO,,,,,7055,6400,13455"
"KOLDA,VELINGARA,""AR. BONCONTO"",LINKERING,,,,,11433,11053,22486"
"KOLDA,VELINGARA,""AR. BONCONTO"",""MEDINA GOUNASS"",,,,,46246,44839,91085"
"KOLDA,VELINGARA,""AR. BONCONTO"",""SINTHIANG  KOUNDARA"",,,,,19670,18618,38288"
"KOLDA,VELINGARA,""AR. PAKOUR"",OUASSADOU,,,,,10840,10009,20849"
"KOLDA,VELINGARA,""AR. PAKOUR"",PAROUMBA,,,,,9707,9513,19220"
"KOLDA,VELINGARA,""AR. PAKOUR"",PAKOUR,,,,,8436,7801,16237"
"KOLDA,VELINGARA,""AR. SARE COLY SALLE"",KANDIA,,,,,14701,14067,28768"
"KOLDA,VELINGARA,""AR. SARE COLY SALLE"",""SARE COLY SALLE"",,,,,12567,11902,24469"
"KOLDA,VELINGARA,""AR. SARE COLY SALLE"",NEMATABA,,,,,6058,5825,11883"
"KOLDA,VELINGARA,""AR. SARE COLY SALLE"",KANDIAYE,,,,,7974,7377,15351"
"KOLDA,VELINGARA,""AR. SARE COLY SALLE"",""COM. DIAOUBE- KABENDOU"",,,,,21477,19934,41411"
"KOLDA,VELINGARA,""AR. SARE COLY SALLE"",""COM. KOUNKANE"",,,,,8234,7982,16216"
"KOLDA,""MEDINA YORO FOULAH"",""COM. MEDINA YORO FOULAH"",""COM. MEDINA YORO FOULAH"",,,,,2607,2329,4936"
"KOLDA,""MEDINA YORO FOULAH"",""AR. FAFACOUROU"",FAFACOUROU,,,,,5802,5109,10911"
"KOLDA,""MEDINA YORO FOULAH"",""AR. FAFACOUROU"",BADION,,,,,9367,8511,17878"
"KOLDA,""MEDINA YORO FOULAH"",AR.NDORNA,NDORNA,,,,,8674,7494,16168"
"KOLDA,""MEDINA YORO FOULAH"",AR.NDORNA,BIGNARABE,,,,,4144,3622,7766"
"KOLDA,""MEDINA YORO FOULAH"",AR.NDORNA,BOUROUCO,,,,,17511,17950,35461"
"KOLDA,""MEDINA YORO FOULAH"",AR.NDORNA,KOULINTO,,,,,4519,4156,8675"
"KOLDA,""MEDINA YORO FOULAH"",""AR. NIAMING"",DINGUIRAYE,,,,,9508,9006,18514"
"KOLDA,""MEDINA YORO FOULAH"",""AR. NIAMING"",KEREWANE,,,,,21278,19752,41030"
"KOLDA,""MEDINA YORO FOULAH"",""AR. NIAMING"",NIAMING,,,,,10258,9594,19852"
"KOLDA,""MEDINA YORO FOULAH"",""AR. NIAMING"",""COM. PATA"",,,,,2131,2134,4265"
"MATAM,MATAM,""COM. MATAM"",""COM. MATAM"",,,,,15537,12158,27695"
"MATAM,MATAM,""COM. OUROSSOGUI"",""COM. OUROSSOGUI"",,,,,15830,11392,27222"
"MATAM,MATAM,""AR. AGNAM-CIVOL"",AGNAM-CIVOL,,,,,17305,16053,33358"
"MATAM,MATAM,""AR. AGNAM-CIVOL"",OREFONDE,,,,,13504,12295,25799"
"MATAM,MATAM,""AR. AGNAM-CIVOL"",DABIA,,,,,15023,14174,29197"
"MATAM,MATAM,""AR. AGNAM-CIVOL"",""COM. NGUIDILOGNE"",,,,,7635,6788,14423"
"MATAM,MATAM,""AR. AGNAM-CIVOL"",""COM. THILOGNE"",,,,,8736,6308,15044"
"MATAM,MATAM,""AR. OGO"",BOKIDIAWE,,,,,37816,35584,73400"
"MATAM,MATAM,""AR. OGO"",NABADJI-CIVOL,,,,,37146,37909,75055"
"MATAM,MATAM,""AR. OGO"",OGO,,,,,32892,32802,65694"
"MATAM,KANEL,""COM. KANEL"",""COM. KANEL"",,,,,8290,6954,15244"
"MATAM,KANEL,""AR. ORKADIERE"",BOKILADJI,,,,,22940,23224,46164"
"MATAM,KANEL,""AR. ORKADIERE"",ORKADIERE,,,,,28414,27637,56051"
"MATAM,KANEL,""AR. ORKADIERE"",AOURE,,,,,27595,28204,55799"
"MATAM,KANEL,""AR. ORKADIERE"",""COM. DEMBANCANE"",,,,,2831,2950,5781"
"MATAM,KANEL,""AR. ORKADIERE"",""COM. ODOBERE"",,,,,3892,3492,7384"
"MATAM,KANEL,""AR. ORKADIERE"",""COM. SEMME"",,,,,4719,4494,9213"
"MATAM,KANEL,""AR. ORKADIERE"",""COM. WAOUNDE"",,,,,4743,4633,9376"
"MATAM,KANEL,""AR. OURO SIDY"",NDENDORY,,,,,25956,25009,50965"
"MATAM,KANEL,""AR. OURO SIDY"",""OURO SIDY"",,,,,26573,26276,52849"
"MATAM,KANEL,""AR. OURO SIDY"",""COM. HAMADY OUNARE"",,,,,6333,6313,12646"
"MATAM,KANEL,""AR. OURO SIDY"",""COM. SINTHIOU BAMANBE-BANADJI"",,,,,10772,9276,20048"
"MATAM,""RANEROU FERLO"",""COM. RANEROU"",""COM. RANEROU"",,,,,2496,2152,4648"
"MATAM,""RANEROU FERLO"",""AR. VELINGARA"",LOUGRE-THIOLY,,,,,5710,5360,11070"
"MATAM,""RANEROU FERLO"",""AR. VELINGARA"",VELINGARA,,,,,18543,16663,35206"
"MATAM,""RANEROU FERLO"",""AR. VELINGARA"",OUDALAYE,,,,,26878,25423,52301"
"KAFFRINE,KAFFRINE,""COM. KAFFRINE"",""COM. KAFFRINE"",,,,,29105,28202,57307"
"KAFFRINE,KAFFRINE,""AR. GNIBY"",BOULEL,,,,,15494,14589,30083"
"KAFFRINE,KAFFRINE,""AR. GNIBY"",GNIBY,,,,,10292,9486,19778"
"KAFFRINE,KAFFRINE,""AR. GNIBY"",KAHI,,,,,14969,14246,29215"
"KAFFRINE,KAFFRINE,""AR. KATAKEL"",""DIOKOUL M’BELBOUCK"",,,,,16398,17193,33591"
"KAFFRINE,KAFFRINE,""AR. KATAKEL"",KATHIOTE,,,,,21829,22567,44396"
"KAFFRINE,KAFFRINE,""AR. KATAKEL"",""MEDINATOUL SALAM 2"",,,,,13765,13863,27628"
"KAFFRINE,KAFFRINE,""AR. KATAKEL"",DIAMAGADIO,,,,,11974,12446,24420"
"KAFFRINE,KAFFRINE,""AR. KATAKEL"",""COM. N’GANDA"",,,,,6700,7669,14369"
"KAFFRINE,BIRKELANE,""COM. BIRKELANE"",""COM. BIRKELANE"",,,,,5270,5621,10891"
"KAFFRINE,BIRKELANE,""AR. KEUR M’BOUKI"",""KEUR M’BOUKI"",,,,,7280,6949,14229"
"KAFFRINE,BIRKELANE,""AR. KEUR M’BOUKI"",""TOUBA M’BELLA"",,,,,7412,7002,14414"
"KAFFRINE,BIRKELANE,""AR. KEUR M’BOUKI"",DIAMAL,,,,,8500,7276,15776"
"KAFFRINE,BIRKELANE,""AR. MABO"",MABO,,,,,18694,17820,36514"
"KAFFRINE,BIRKELANE,""AR. MABO"",N’DIOGNICK,,,,,22061,22388,44449"
"KAFFRINE,BIRKELANE,""AR. MABO"",MBEULEUP,,,,,3603,3881,7484"
"KAFFRINE,BIRKELANE,""AR. MABO"",""SEGRE GATTA"",,,,,3522,3785,7307"
"KAFFRINE,KOUNGHEUL,""COM. KOUNGHEUL"",""COM. KOUNGHEUL"",,,,,14974,16175,31149"
"KAFFRINE,KOUNGHEUL,""AR. IDA MOURIDE"",""SALY ESCALE"",,,,,17022,17112,34134"
"KAFFRINE,KOUNGHEUL,""AR. IDA MOURIDE"",""FASS THIEKENE"",,,,,11283,12264,23547"
"KAFFRINE,KOUNGHEUL,""AR. IDA MOURIDE"",""IDA MOURIDE"",,,,,16268,15267,31535"
"KAFFRINE,KOUNGHEUL,""AR. LOUR ESCALE"",""LOUR ESCALE"",,,,,18057,16848,34905"
"KAFFRINE,KOUNGHEUL,""AR. LOUR ESCALE"",""RIBOT ESCALE"",,,,,12386,10624,23010"
"KAFFRINE,KOUNGHEUL,""AR. MISSIRAH WADENE"",""GAINTHE PATHE"",,,,,13248,12521,25769"
"KAFFRINE,KOUNGHEUL,""AR. MISSIRAH WADENE"",""MAKA YOP"",,,,,9932,9496,19428"
"KAFFRINE,KOUNGHEUL,""AR. MISSIRAH WADENE"",""MISSIRAH WADENE"",,,,,15502,14325,29827"
"KAFFRINE,""MALEM HODDAR"",""COM. MALEM HODDAR"",""COM. MALEM HODDAR"",,,,,6047,6141,12188"
"KAFFRINE,""MALEM HODDAR"",""AR. DAROU MINAM II"",""DAROU MINAM II"",,,,,11567,9734,21301"
"KAFFRINE,""MALEM HODDAR"",""AR. DAROU MINAM II"",""N’DIOUM  N’GAINTH"",,,,,6611,6002,12613"
"KAFFRINE,""MALEM HODDAR"",""AR. DAROU MINAM II"",KHELCOM,,,,,1811,23,1834"
"KAFFRINE,""MALEM HODDAR"",""AR. DAROU MINAM II"",""NDIOBENE SAMBA LAMO"",,,,,4721,3860,8581"
"KAFFRINE,""MALEM HODDAR"",""AR. SAGNA"",""DIANKE SOUF"",,,,,13045,12312,25357"
"KAFFRINE,""MALEM HODDAR"",""AR. SAGNA"",SAGNA,,,,,26541,26834,53375"
"KEDOUGOU,KEDOUGOU,""COM. KEDOUGOU"",""COM. KEDOUGOU"",,,,,31391,27840,59231"
"KEDOUGOU,KEDOUGOU,""AR. BANDAFASSI"",BANDAFASSI,,,,,8356,7484,15840"
"KEDOUGOU,KEDOUGOU,""AR. BANDAFASSI"",TOMBORONKOTO,,,,,10337,8023,18360"
"KEDOUGOU,KEDOUGOU,""AR. BANDAFASSI"",DINDIFELO,,,,,3795,3795,7590"
"KEDOUGOU,KEDOUGOU,""AR. BANDAFASSI"",NINEFECHA,,,,,4412,4303,8715"
"KEDOUGOU,KEDOUGOU,""AR. FONGOLEMBI"",DIMBOLI,,,,,4536,4487,9023"
"KEDOUGOU,KEDOUGOU,""AR. FONGOLEMBI"",FONGOLEMBI,,,,,2785,2722,5507"
"KEDOUGOU,SALEMATA,""COM. SALEMATA"",""COM. SALEMATA"",,,,,3445,3267,6712"
"KEDOUGOU,SALEMATA,""AR. DAKATELI"",DAKATELI,,,,,2421,2346,4767"
"KEDOUGOU,SALEMATA,""AR. DAKATELI"",KEVOYE,,,,,2824,2735,5559"
"KEDOUGOU,SALEMATA,""AR. DAR  SALAM"",""DAR SALAM"",,,,,2064,2101,4165"
"KEDOUGOU,SALEMATA,""AR. DAR  SALAM"",ETHIOLO,,,,,2146,2164,4310"
"KEDOUGOU,SALEMATA,""AR. DAR  SALAM"",OUBADJI,,,,,1231,1282,2513"
"KEDOUGOU,SARAYA,""COM. SARAYA"",""COM. SARAYA"",,,,,2404,1981,4385"
"KEDOUGOU,SARAYA,""AR. BEMBOU"",""MEDINA BAFFE"",,,,,5519,5224,10743"
"KEDOUGOU,SARAYA,""AR. BEMBOU"",BEMBOU,,,,,15465,11355,26820"
"KEDOUGOU,SARAYA,""AR. SABODOLA"",KHOSSANTO,,,,,6594,4582,11176"
"KEDOUGOU,SARAYA,""AR. SABODOLA"",""MISSIRAH SIRIMANA"",,,,,12422,9293,21715"
"KEDOUGOU,SARAYA,""AR. SABODOLA"",SABODALA,,,,,10110,7906,18016"
"SEDHIOU,SEDHIOU,""COM. SEDHIOU"",""COM. SEDHIOU"",,,,,16083,15428,31511"
"SEDHIOU,SEDHIOU,""COM. MARSASSOUM"",""COM. MARSASSOUM"",,,,,5004,4811,9815"
"SEDHIOU,SEDHIOU,""AR. DIENDE"",DIENDE,,,,,8425,8278,16703"
"SEDHIOU,SEDHIOU,""AR. DIENDE"",SAKAR,,,,,5778,5757,11535"
"SEDHIOU,SEDHIOU,""AR. DIENDE"",""DIANNAH BA"",,,,,4594,4651,9245"
"SEDHIOU,SEDHIOU,""AR. DIENDE"",KOUSSY,,,,,6693,6066,12759"
"SEDHIOU,SEDHIOU,""AR. DIENDE"",OUDOUCAR,,,,,5983,5989,11972"
"SEDHIOU,SEDHIOU,""AR. DIENDE"",""SAMA KANTA PEULH"",,,,,2254,2103,4357"
"SEDHIOU,SEDHIOU,""AR. DIENDE"",""COM. DIANAH MALARY"",,,,,1645,1627,3272"
"SEDHIOU,SEDHIOU,""AR. DJIBABOUYA"",""BENET- BIJINI"",,,,,7259,6557,13816"
"SEDHIOU,SEDHIOU,""AR. DJIBABOUYA"",SANSAMBA,,,,,9250,8845,18095"
"SEDHIOU,SEDHIOU,""AR. DJIBABOUYA"",DJIBABOUYA,,,,,3630,3215,6845"
"SEDHIOU,SEDHIOU,""AR. DJIREDJI"",BAMBALI,,,,,10766,9658,20424"
"SEDHIOU,SEDHIOU,""AR. DJIREDJI"",DJIREDJI,,,,,12192,10754,22946"
"SEDHIOU,BOUNKILING,""COM. BOUNKILING"",""COM. BOUNKILING"",,,,,5026,4943,9969"
"SEDHIOU,BOUNKILING,""AR. BOGHAL"",BOGHAL,,,,,9882,9679,19561"
"SEDHIOU,BOUNKILING,""AR. BOGHAL"",TANKON,,,,,18037,16312,34349"
"SEDHIOU,BOUNKILING,""AR. BOGHAL"",DJINANY,,,,,2588,2220,4808"
"SEDHIOU,BOUNKILING,""AR. BOGHAL"",NDIAMALATHIEL,,,,,10147,10158,20305"
"SEDHIOU,BOUNKILING,""AR. BOGHAL"",""COM. NDIAMACOUTA"",,,,,5632,5911,11543"
"SEDHIOU,BOUNKILING,""AR. BONA"",BONA,,,,,4610,4270,8880"
"SEDHIOU,BOUNKILING,""AR. BONA"",DIACOUNDA,,,,,4379,4079,8458"
"SEDHIOU,BOUNKILING,""AR. BONA"",INOR,,,,,6529,5726,12255"
"SEDHIOU,BOUNKILING,""AR. BONA"",""KANDION MANGANA"",,,,,1283,1098,2381"
"SEDHIOU,BOUNKILING,""AR. DIAROUME"",DIAROUME,,,,,12604,11114,23718"
"SEDHIOU,BOUNKILING,""AR. DIAROUME"",DIAMBATY,,,,,7328,7192,14520"
"SEDHIOU,BOUNKILING,""AR. DIAROUME"",FAOUNE,,,,,9735,8859,18594"
"SEDHIOU,BOUNKILING,""AR. DIAROUME"",""COM. MADINA WANDIFA"",,,,,9539,8992,18531"
"SEDHIOU,GOUDOMP,""COM. GOUDOMP"",""COM. GOUDOMP"",,,,,8137,7856,15993"
"SEDHIOU,GOUDOMP,""AR. DJIBANAR"",DJIBANAR,,,,,6296,5869,12165"
"SEDHIOU,GOUDOMP,""AR. DJIBANAR"",KAOUR,,,,,2953,2748,5701"
"SEDHIOU,GOUDOMP,""AR. DJIBANAR"",""MANGAROUNGOU SANTO"",,,,,7029,6660,13689"
"SEDHIOU,GOUDOMP,""AR. DJIBANAR"",""SIMBADI BALANTE"",,,,,11765,11472,23237"
"SEDHIOU,GOUDOMP,""AR. DJIBANAR"",""YARANG BALANTE"",,,,,8076,7804,15880"
"SEDHIOU,GOUDOMP,""AR. DJIBANAR"",""COM. DIATTACOUNDA"",,,,,2512,2437,4949"
"SEDHIOU,GOUDOMP,""AR. DJIBANAR"",""COM. SAMINE"",,,,,3416,3116,6532"
"SEDHIOU,GOUDOMP,""AR. KARANTABA"",KARANTABA,,,,,9558,9357,18915"
"SEDHIOU,GOUDOMP,""AR. KARANTABA"",KOLIBANTANG,,,,,6590,6280,12870"
"SEDHIOU,GOUDOMP,""AR. SIMBANDI BRASSOU"",NIAGHA,,,,,7355,7375,14730"
"SEDHIOU,GOUDOMP,""AR. SIMBANDI BRASSOU"",""SIMBANDI BRASSOU"",,,,,8333,7969,16302"
"SEDHIOU,GOUDOMP,""AR. SIMBANDI BRASSOU"",BAGHERE,,,,,6727,6765,13492"
"SEDHIOU,GOUDOMP,""AR. SIMBANDI BRASSOU"",DIOUBOUDOU,,,,,3480,3479,6959"
"SEDHIOU,GOUDOMP,""AR. SIMBANDI BRASSOU"",""COM. TANAFF"",,,,,3479,3204,6683"